"part_number","type","product_id"
"792-654","simple","85488"
"792-655","simple","85489"
"792-744r","simple","85491"
"792-840r","simple","85494"
"217-636w","simple","85584"
"217-637w","simple","85585"
"792-744r","bundle","86512"
"792-654","bundle","86512"
"792-655","bundle","86512"
"792-840r","bundle","86512"
"791-386","simple","92635"
"791-387","simple","92635"
"791-r42","simple","92635"
"791-sk1","simple","92635"
"912-343","simple","92685"
"912-324","simple","92685"
"912-r42","simple","92685"
"912-sk1","simple","92685"
"314-130","simple","92748"
"314-420","simple","92750"
"314-316","simple","92753"
"314-317","simple","92753"
"314-r44","simple","92753"
"314-sk1","simple","92753"
"314-316","bundle","96415"
"314-317","bundle","96415"
"314-r44","bundle","96415"
"314-sk1","bundle","96415"
"314-420","bundle","96415"
"314-130","bundle","96415"
"512-313r","simple","99491"
"512-316r","simple","99492"
"512-317r","simple","99493"
"512-420","simple","99494"
"512-411","simple","99495"
"512-130","simple","99496"
"512-030","simple","99497"
"512-215","simple","99498"
"512-585","simple","99499"
"512-335r","simple","99500"
"512-336r","simple","99501"
"512-337r","simple","99502"
"512-313r","bundle","100388"
"512-316r","bundle","100388"
"512-317r","bundle","100388"
"512-420","bundle","100388"
"512-411","bundle","100388"
"512-130","bundle","100388"
"512-030","bundle","100388"
"512-411","bundle","100388"
"512-215","bundle","100388"
"512-585","bundle","100388"
"m63231","bundle","100388"
"m63241","bundle","100388"
"m63251","bundle","100388"
"m62531","bundle","100388"
"m62541","bundle","100388"
"m62551","bundle","100388"
"m73731","bundle","100388"
"m73741","bundle","100388"
"m73751","bundle","100388"
"m63531","bundle","100388"
"m63541","bundle","100388"
"m63551","bundle","100388"
"m80x32","bundle","100388"
"m80x42","bundle","100388"
"m80x52","bundle","100388"
"m87x32","bundle","100388"
"m87x42","bundle","100388"
"m87x52","bundle","100388"
"512-335r","bundle","100389"
"512-336r","bundle","100389"
"512-337r","bundle","100389"
"512-420","bundle","100389"
"512-411","bundle","100389"
"512-411","bundle","100389"
"512-130","bundle","100389"
"512-030","bundle","100389"
"512-215","bundle","100389"
"512-585","bundle","100389"
"m63231","bundle","100389"
"m63241","bundle","100389"
"m63251","bundle","100389"
"m62531","bundle","100389"
"m62541","bundle","100389"
"m62551","bundle","100389"
"m73731","bundle","100389"
"m73741","bundle","100389"
"m73751","bundle","100389"
"m63531","bundle","100389"
"m63541","bundle","100389"
"m63551","bundle","100389"
"m80x32","bundle","100389"
"m80x42","bundle","100389"
"m80x52","bundle","100389"
"m87x32","bundle","100389"
"m87x42","bundle","100389"
"m87x52","bundle","100389"
"217-307br","simple","110220"
"217-317br","simple","110221"
"079-050","simple","111224"
"079-215","simple","111225"
"079-220","simple","111226"
"079-313nr","simple","111227"
"079-420","simple","111229"
"079-595","simple","111230"
"079-638","simple","111231"
"079-639","simple","111232"
"079-701r","simple","111233"
"079-760","simple","111234"
"079-830","simple","111235"
"079-850","simple","111236"
"079-910","simple","111237"
"079-915","simple","111238"
"079-918","simple","111239"
"079-925","simple","111240"
"217-021w","simple","111241"
"217-040","simple","111242"
"217-130w","simple","111243"
"217-215w","simple","111244"
"217-304br","simple","111245"
"217-304wr","simple","111246"
"217-306br","simple","111247"
"217-306wr","simple","111248"
"217-307wr","simple","111249"
"217-313wr","simple","111250"
"217-420b","simple","111252"
"217-420w","simple","111253"
"217-422w","simple","111254"
"217-622w","simple","111255"
"217-636w","simple","111256"
"217-637w","simple","111257"
"217-638w","simple","111258"
"217-746r","simple","111259"
"217-857w","simple","111260"
"218-020","simple","111264"
"218-215","simple","111265"
"218-225","simple","111266"
"218-304r","simple","111267"
"218-313r","simple","111268"
"218-316r","simple","111269"
"218-318r","simple","111270"
"218-319r","simple","111271"
"218-910","simple","111272"
"218-917","simple","111273"
"314-020","simple","111274"
"314-040","simple","111275"
"314-130","simple","111276"
"314-215","simple","111277"
"314-226","simple","111278"
"314-420","simple","111279"
"314-585","simple","111280"
"314-585","simple","111281"
"314-580","simple","111281"
"314-580","simple","111281"
"314-638","simple","111282"
"314-639","simple","111283"
"314-673","simple","111284"
"314-690","simple","111285"
"314-691","simple","111286"
"314-701r","simple","111287"
"314-760","simple","111288"
"314-850","simple","111289"
"314-853","simple","111290"
"314-855","simple","111291"
"314-858","simple","111292"
"314-911","simple","111293"
"314-925","simple","111294"
"416-020","simple","111295"
"416-130","simple","111296"
"416-215","simple","111297"
"416-304r","simple","111298"
"416-306r","simple","111299"
"416-307r","simple","111300"
"416-310r","simple","111301"
"416-334r","simple","111302"
"416-335r","simple","111303"
"416-420","simple","111304"
"416-422","simple","111305"
"416-583","simple","111306"
"416-585","simple","111307"
"416-585","simple","111308"
"416-580","simple","111308"
"416-580","simple","111308"
"416-581","simple","111308"
"416-581","simple","111308"
"416-622","simple","111309"
"416-636","simple","111310"
"416-637","simple","111311"
"416-650","simple","111312"
"416-691","simple","111313"
"416-701r","simple","111314"
"416-705r","simple","111315"
"416-760","simple","111316"
"416-855","simple","111317"
"416-857","simple","111318"
"416-891","simple","111319"
"416-913","simple","111320"
"416-916","simple","111321"
"416-917","simple","111322"
"416-918","simple","111323"
"416-925","simple","111324"
"488-020","simple","111325"
"488-030","simple","111326"
"488-130","simple","111327"
"488-131","simple","111328"
"488-215","simple","111329"
"488-304r","simple","111330"
"488-306r","simple","111331"
"488-307r","simple","111332"
"488-337r","simple","111333"
"488-339r","simple","111334"
"488-420","simple","111335"
"488-421","simple","111336"
"488-585","simple","111337"
"488-585","simple","111338"
"488-586","simple","111338"
"488-622","simple","111339"
"488-636","simple","111340"
"488-637","simple","111341"
"488-701r","simple","111342"
"488-702r","simple","111343"
"488-760","simple","111344"
"488-850","simple","111345"
"488-855","simple","111346"
"488-891","simple","111347"
"488-910","simple","111348"
"488-915","simple","111349"
"488-916","simple","111350"
"488-918","simple","111351"
"488-925","simple","111352"
"488-940","simple","111353"
"488-945","simple","111354"
"488-580","simple","111355"
"488-581","simple","111355"
"488-582","simple","111355"
"488-583","simple","111355"
"488-585","simple","111355"
"488-586","simple","111355"
"509-020","simple","111375"
"509-030","simple","111376"
"509-130","simple","111377"
"509-131","simple","111378"
"509-215","simple","111379"
"509-304r","simple","111380"
"509-306r","simple","111381"
"509-307r","simple","111382"
"509-313r","simple","111383"
"509-316r","simple","111384"
"509-317r","simple","111385"
"509-420","simple","111386"
"509-422","simple","111387"
"509-622","simple","111388"
"509-636","simple","111389"
"509-637","simple","111390"
"509-701r","simple","111391"
"509-760r","simple","111392"
"509-857","simple","111393"
"509-910","simple","111394"
"509-916","simple","111395"
"509-918","simple","111396"
"509-919","simple","111397"
"509-925","simple","111398"
"512-622","simple","111399"
"512-636","simple","111400"
"512-637","simple","111401"
"512-760","simple","111402"
"512-830r","simple","111403"
"512-850","simple","111404"
"512-910","simple","111405"
"512-915","simple","111406"
"512-916","simple","111407"
"512-926","simple","111408"
"513-030","simple","111409"
"513-040","simple","111410"
"513-130","simple","111411"
"513-131","simple","111412"
"513-215","simple","111413"
"513-221","simple","111414"
"513-304r","simple","111415"
"513-306r","simple","111416"
"513-307r","simple","111417"
"513-313r","simple","111418"
"513-316r","simple","111419"
"513-317r","simple","111420"
"513-420","simple","111421"
"513-636","simple","111422"
"513-637","simple","111423"
"513-701","simple","111424"
"513-850","simple","111425"
"513-857","simple","111426"
"791-021","simple","111427"
"791-m71","simple","111427"
"791-022","simple","111428"
"791-m71","simple","111428"
"791-130","simple","111429"
"791-160","simple","111430"
"791-215","simple","111431"
"791-220","simple","111432"
"791-228","simple","111433"
"791-230","simple","111434"
"791-313r","simple","111435"
"791-316r","simple","111436"
"791-375r","simple","111437"
"791-378r","simple","111438"
"791-379r","simple","111439"
"791-383r","simple","111440"
"791-386r","simple","111441"
"791-387r","simple","111442"
"791-420","simple","111443"
"791-421","simple","111444"
"791-480","simple","111445"
"791-481","simple","111446"
"792-636","simple","111447"
"792-637","simple","111448"
"792-654","simple","111449"
"792-655","simple","111450"
"792-744r","simple","111451"
"792-760","simple","111452"
"792-830r","simple","111453"
"792-840r","simple","111454"
"792-890","simple","111455"
"912-020","simple","111456"
"912-m71","simple","111456"
"912-215","simple","111457"
"912-220","simple","111458"
"912-323r","simple","111459"
"912-326r","simple","111460"
"912-327r","simple","111461"
"912-344r","simple","111462"
"912-346r","simple","111463"
"912-400","simple","111464"
"912-402","simple","111465"
"912-420","simple","111466"
"912-581","simple","111467"
"912-585","simple","111468"
"912-588","simple","111469"
"912-589","simple","111470"
"912-595","simple","111471"
"912-595","simple","111472"
"912-590","simple","111472"
"912-590","simple","111472"
"912-622","simple","111473"
"912-623","simple","111474"
"912-636","simple","111475"
"912-701","simple","111476"
"912-760","simple","111477"
"912-830","simple","111478"
"912-830r","simple","111479"
"912-850","simple","111480"
"912-891","simple","111481"
"912-910","simple","111482"
"912-913","simple","111483"
"912-915","simple","111484"
"912-916","simple","111485"
"912-925","simple","111486"
"912-926","simple","111487"
"912-939","simple","111488"
"912-940","simple","111489"
"912-941","simple","111490"
"919-015","simple","111491"
"919-m71","simple","111491"
"919-020","simple","111492"
"919-m71","simple","111492"
"919-215","simple","111493"
"919-220","simple","111494"
"919-313r","simple","111495"
"919-316r","simple","111496"
"919-317r","simple","111497"
"919-401","simple","111498"
"919-580","simple","111499"
"919-581","simple","111500"
"919-585","simple","111501"
"919-585","simple","111502"
"919-590","simple","111502"
"919-580","simple","111502"
"919-580","simple","111502"
"919-581","simple","111502"
"919-581","simple","111502"
"919-586","simple","111504"
"919-591","simple","111504"
"919-580","simple","111504"
"919-580","simple","111504"
"919-581","simple","111504"
"919-581","simple","111504"
"919-636","simple","111506"
"919-637","simple","111507"
"919-690","simple","111508"
"919-691","simple","111509"
"919-704r","simple","111510"
"919-706r","simple","111511"
"919-707r","simple","111512"
"919-760n","simple","111513"
"919-830","simple","111514"
"919-830r","simple","111515"
"919-910","simple","111516"
"919-915","simple","111517"
"919-925","simple","111518"
"919-940","simple","111519"
"919-941","simple","111520"
"920-015","simple","111521"
"920-m71","simple","111521"
"920-020","simple","111522"
"920-m71","simple","111522"
"920-215","simple","111523"
"920-220","simple","111524"
"920-313r","simple","111525"
"920-316r","simple","111526"
"920-317r","simple","111527"
"920-401","simple","111528"
"920-580","simple","111529"
"920-581","simple","111530"
"920-585","simple","111531"
"920-585","simple","111532"
"920-590","simple","111532"
"920-580","simple","111532"
"920-580","simple","111532"
"920-581","simple","111532"
"920-581","simple","111532"
"920-586","simple","111533"
"920-586","simple","111534"
"920-591","simple","111534"
"920-580","simple","111534"
"920-580","simple","111534"
"920-581","simple","111534"
"920-581","simple","111534"
"920-636","simple","111536"
"920-637","simple","111537"
"920-690","simple","111538"
"920-691","simple","111539"
"920-701n","simple","111540"
"920-b01","simple","111540"
"920-706r","simple","111541"
"920-707r","simple","111542"
"920-760","simple","111543"
"920-830","simple","111544"
"920-830r","simple","111545"
"920-910","simple","111546"
"920-915","simple","111547"
"920-925","simple","111548"
"920-940","simple","111549"
"920-941","simple","111550"
"919-706r","bundle","116128"
"919-691","bundle","116128"
"919-830","bundle","116128"
"919-830r","bundle","116128"
"920-706r","bundle","116129"
"920-691","bundle","116129"
"920-830r","bundle","116129"
"920-830","bundle","116129"
"920-313r","bundle","116130"
"920-316r","bundle","116130"
"920-317r","bundle","116130"
"920-401","bundle","116130"
"920-020","bundle","116130"
"920-m71","bundle","116130"
"920-015","bundle","116130"
"920-m71","bundle","116130"
"920-220","bundle","116130"
"920-015","bundle","116130"
"920-m71","bundle","116130"
"920-215","bundle","116130"
"m82841","bundle","116130"
"m82851","bundle","116130"
"m82831","bundle","116130"
"m78731","bundle","116130"
"m78741","bundle","116130"
"m78751","bundle","116130"
"m78931","bundle","116130"
"m78941","bundle","116130"
"m78951","bundle","116130"
"m79851","bundle","116130"
"m79831","bundle","116130"
"m79841","bundle","116130"
"m79931","bundle","116130"
"m79941","bundle","116130"
"m79951","bundle","116130"
"m80x52","bundle","116130"
"m80x32","bundle","116130"
"m80x42","bundle","116130"
"m87x32","bundle","116130"
"m87x42","bundle","116130"
"m87x52","bundle","116130"
"488-304r","bundle","116131"
"488-306r","bundle","116131"
"488-307r","bundle","116131"
"488-421","bundle","116131"
"488-420","bundle","116131"
"488-130","bundle","116131"
"488-131","bundle","116131"
"488-030","bundle","116131"
"488-020","bundle","116131"
"488-131","bundle","116131"
"488-020","bundle","116131"
"488-215","bundle","116131"
"m63231","bundle","116131"
"m63241","bundle","116131"
"m63251","bundle","116131"
"m62531","bundle","116131"
"m62541","bundle","116131"
"m62551","bundle","116131"
"m73731","bundle","116131"
"m73741","bundle","116131"
"m73751","bundle","116131"
"m63531","bundle","116131"
"m63541","bundle","116131"
"m63551","bundle","116131"
"m80x32","bundle","116131"
"m80x42","bundle","116131"
"m80x52","bundle","116131"
"m87x32","bundle","116131"
"m87x42","bundle","116131"
"m87x52","bundle","116131"
"079-313nr","bundle","116132"
"079-420","bundle","116132"
"079-220","bundle","116132"
"079-050","bundle","116132"
"079-215","bundle","116132"
"079-230","bundle","116132"
"m63231","bundle","116132"
"m62531","bundle","116132"
"m73731","bundle","116132"
"m63531","bundle","116132"
"m80x32","bundle","116132"
"m87x32","bundle","116132"
"217-304br","bundle","116133"
"217-306br","bundle","116133"
"217-307br","bundle","116133"
"217-420b","bundle","116133"
"m63231","bundle","116133"
"m63241","bundle","116133"
"m63251","bundle","116133"
"m62531","bundle","116133"
"m62541","bundle","116133"
"m62551","bundle","116133"
"m73731","bundle","116133"
"m73741","bundle","116133"
"m73751","bundle","116133"
"m63531","bundle","116133"
"m63541","bundle","116133"
"m63551","bundle","116133"
"m80x32","bundle","116133"
"m80x42","bundle","116133"
"m80x52","bundle","116133"
"m87x32","bundle","116133"
"m87x42","bundle","116133"
"m87x52","bundle","116133"
"217-304wr","bundle","116134"
"217-306wr","bundle","116134"
"217-307wr","bundle","116134"
"217-420w","bundle","116134"
"217-422w","bundle","116134"
"217-130w","bundle","116134"
"217-040","bundle","116134"
"217-021w","bundle","116134"
"217-021w","bundle","116134"
"217-215w","bundle","116134"
"217-422w","bundle","116134"
"m63231","bundle","116134"
"m63241","bundle","116134"
"m63251","bundle","116134"
"m62531","bundle","116134"
"m62541","bundle","116134"
"m62551","bundle","116134"
"m73731","bundle","116134"
"m73741","bundle","116134"
"m73751","bundle","116134"
"m63531","bundle","116134"
"m63541","bundle","116134"
"m63551","bundle","116134"
"m80x32","bundle","116134"
"m80x42","bundle","116134"
"m80x52","bundle","116134"
"m87x32","bundle","116134"
"m87x42","bundle","116134"
"m87x52","bundle","116134"
"217-313wr","bundle","116135"
"217-420w","bundle","116135"
"217-422w","bundle","116135"
"217-130w","bundle","116135"
"217-215w","bundle","116135"
"217-422w","bundle","116135"
"416-307r","bundle","116136"
"416-304r","bundle","116136"
"416-306r","bundle","116136"
"416-420","bundle","116136"
"416-422","bundle","116136"
"416-130","bundle","116136"
"416-020","bundle","116136"
"416-422","bundle","116136"
"416-215","bundle","116136"
"m63231","bundle","116136"
"m63241","bundle","116136"
"m63251","bundle","116136"
"m62531","bundle","116136"
"m62541","bundle","116136"
"m62551","bundle","116136"
"m73731","bundle","116136"
"m73741","bundle","116136"
"m73751","bundle","116136"
"m63531","bundle","116136"
"m63541","bundle","116136"
"m63551","bundle","116136"
"m80x32","bundle","116136"
"m80x42","bundle","116136"
"m80x52","bundle","116136"
"m87x32","bundle","116136"
"m87x42","bundle","116136"
"m87x52","bundle","116136"
"416-334r","bundle","116137"
"416-335r","bundle","116137"
"416-420","bundle","116137"
"416-422","bundle","116137"
"416-130","bundle","116137"
"416-020","bundle","116137"
"416-422","bundle","116137"
"416-215","bundle","116137"
"m63231","bundle","116137"
"m63241","bundle","116137"
"m62531","bundle","116137"
"m62541","bundle","116137"
"m73731","bundle","116137"
"m73741","bundle","116137"
"m63531","bundle","116137"
"m63541","bundle","116137"
"m80x32","bundle","116137"
"m80x42","bundle","116137"
"m87x32","bundle","116137"
"m87x42","bundle","116137"
"488-337r","bundle","116138"
"488-339r","bundle","116138"
"488-421","bundle","116138"
"488-420","bundle","116138"
"488-130","bundle","116138"
"488-131","bundle","116138"
"488-030","bundle","116138"
"488-020","bundle","116138"
"488-131","bundle","116138"
"488-020","bundle","116138"
"488-420","bundle","116138"
"488-215","bundle","116138"
"m82831","bundle","116138"
"m82851","bundle","116138"
"m78731","bundle","116138"
"m78751","bundle","116138"
"m78931","bundle","116138"
"m78951","bundle","116138"
"m79831","bundle","116138"
"m79851","bundle","116138"
"m79931","bundle","116138"
"m79951","bundle","116138"
"m80x32","bundle","116138"
"m80x52","bundle","116138"
"m87x32","bundle","116138"
"m87x52","bundle","116138"
"791-313r","bundle","116140"
"791-316r","bundle","116140"
"791-420","bundle","116140"
"791-421","bundle","116140"
"791-228","bundle","116140"
"791-130","bundle","116140"
"791-160","bundle","116140"
"791-022","bundle","116140"
"791-m71","bundle","116140"
"791-021","bundle","116140"
"791-m71","bundle","116140"
"791-421","bundle","116140"
"791-228","bundle","116140"
"791-220","bundle","116140"
"791-215","bundle","116140"
"791-230","bundle","116140"
"791-480","bundle","116140"
"791-481","bundle","116140"
"m63231","bundle","116140"
"m63241","bundle","116140"
"m62531","bundle","116140"
"m62541","bundle","116140"
"m73731","bundle","116140"
"m73741","bundle","116140"
"m63531","bundle","116140"
"m63541","bundle","116140"
"m80x32","bundle","116140"
"m80x42","bundle","116140"
"m87x32","bundle","116140"
"m87x42","bundle","116140"
"791-375r","bundle","116141"
"791-378r","bundle","116141"
"791-379r","bundle","116141"
"791-420","bundle","116141"
"791-421","bundle","116141"
"791-228","bundle","116141"
"791-130","bundle","116141"
"791-160","bundle","116141"
"791-022","bundle","116141"
"791-m71","bundle","116141"
"791-021","bundle","116141"
"791-m71","bundle","116141"
"791-421","bundle","116141"
"791-228","bundle","116141"
"791-220","bundle","116141"
"791-230","bundle","116141"
"791-480","bundle","116141"
"m63231","bundle","116141"
"m63241","bundle","116141"
"m63251","bundle","116141"
"m62531","bundle","116141"
"m62541","bundle","116141"
"m62551","bundle","116141"
"m73731","bundle","116141"
"m73741","bundle","116141"
"m73751","bundle","116141"
"m63531","bundle","116141"
"m63541","bundle","116141"
"m63551","bundle","116141"
"m80x32","bundle","116141"
"m80x42","bundle","116141"
"m80x52","bundle","116141"
"m87x32","bundle","116141"
"m87x42","bundle","116141"
"m87x52","bundle","116141"
"791-383r","bundle","116142"
"791-386r","bundle","116142"
"791-387r","bundle","116142"
"791-420","bundle","116142"
"791-421","bundle","116142"
"791-228","bundle","116142"
"791-130","bundle","116142"
"791-160","bundle","116142"
"791-022","bundle","116142"
"791-m71","bundle","116142"
"791-021","bundle","116142"
"791-m71","bundle","116142"
"791-228","bundle","116142"
"791-421","bundle","116142"
"791-220","bundle","116142"
"791-215","bundle","116142"
"791-230","bundle","116142"
"791-480","bundle","116142"
"791-481","bundle","116142"
"m63231","bundle","116142"
"m63241","bundle","116142"
"m63251","bundle","116142"
"m62531","bundle","116142"
"m62541","bundle","116142"
"m62551","bundle","116142"
"m73731","bundle","116142"
"m73741","bundle","116142"
"m73751","bundle","116142"
"m63531","bundle","116142"
"m63541","bundle","116142"
"m63551","bundle","116142"
"m80x32","bundle","116142"
"m80x42","bundle","116142"
"m80x52","bundle","116142"
"m87x32","bundle","116142"
"m87x42","bundle","116142"
"m87x52","bundle","116142"
"912-323r","bundle","116143"
"912-326r","bundle","116143"
"912-327r","bundle","116143"
"912-400","bundle","116143"
"912-420","bundle","116143"
"912-402","bundle","116143"
"912-420","bundle","116143"
"912-402","bundle","116143"
"912-215","bundle","116143"
"912-220","bundle","116143"
"m63231","bundle","116143"
"m63241","bundle","116143"
"m63251","bundle","116143"
"m62531","bundle","116143"
"m62541","bundle","116143"
"m62551","bundle","116143"
"m73731","bundle","116143"
"m73741","bundle","116143"
"m73751","bundle","116143"
"m63531","bundle","116143"
"m63541","bundle","116143"
"m63551","bundle","116143"
"m80x32","bundle","116143"
"m80x42","bundle","116143"
"m80x52","bundle","116143"
"m87x32","bundle","116143"
"m87x42","bundle","116143"
"m87x52","bundle","116143"
"912-344r","bundle","116144"
"912-346r","bundle","116144"
"912-400","bundle","116144"
"912-402","bundle","116144"
"912-420","bundle","116144"
"912-420","bundle","116144"
"912-402","bundle","116144"
"912-215","bundle","116144"
"912-220","bundle","116144"
"m82831","bundle","116144"
"m82841","bundle","116144"
"m78731","bundle","116144"
"m78741","bundle","116144"
"m78931","bundle","116144"
"m78941","bundle","116144"
"m79831","bundle","116144"
"m79841","bundle","116144"
"m79931","bundle","116144"
"m79941","bundle","116144"
"m80x32","bundle","116144"
"m80x42","bundle","116144"
"m87x32","bundle","116144"
"m87x42","bundle","116144"
"919-313r","bundle","116145"
"919-316r","bundle","116145"
"919-317r","bundle","116145"
"919-401","bundle","116145"
"919-020","bundle","116145"
"919-m71","bundle","116145"
"919-015","bundle","116145"
"919-m71","bundle","116145"
"919-220","bundle","116145"
"919-215","bundle","116145"
"919-580","bundle","116145"
"m82831","bundle","116145"
"m82841","bundle","116145"
"m82851","bundle","116145"
"m78731","bundle","116145"
"m78741","bundle","116145"
"m78751","bundle","116145"
"m78931","bundle","116145"
"m78941","bundle","116145"
"m78951","bundle","116145"
"m79831","bundle","116145"
"m79841","bundle","116145"
"m79851","bundle","116145"
"m79931","bundle","116145"
"m79941","bundle","116145"
"m79951","bundle","116145"
"m80x32","bundle","116145"
"m80x42","bundle","116145"
"m80x52","bundle","116145"
"m87x32","bundle","116145"
"m87x42","bundle","116145"
"m87x52","bundle","116145"
"509-307r","bundle","116146"
"509-304r","bundle","116146"
"509-306r","bundle","116146"
"509-420","bundle","116146"
"509-422","bundle","116146"
"509-130","bundle","116146"
"509-131","bundle","116146"
"509-030","bundle","116146"
"509-020","bundle","116146"
"509-131","bundle","116146"
"509-020","bundle","116146"
"509-422","bundle","116146"
"509-215","bundle","116146"
"m82831","bundle","116146"
"m82841","bundle","116146"
"m82851","bundle","116146"
"m78751","bundle","116146"
"m78731","bundle","116146"
"m78741","bundle","116146"
"m78931","bundle","116146"
"m78941","bundle","116146"
"m78951","bundle","116146"
"m79841","bundle","116146"
"m79851","bundle","116146"
"m79831","bundle","116146"
"m79931","bundle","116146"
"m79941","bundle","116146"
"m79951","bundle","116146"
"m80x42","bundle","116146"
"m80x52","bundle","116146"
"m80x32","bundle","116146"
"m87x32","bundle","116146"
"m87x42","bundle","116146"
"m87x52","bundle","116146"
"509-316r","bundle","116147"
"509-317r","bundle","116147"
"509-313r","bundle","116147"
"509-420","bundle","116147"
"509-422","bundle","116147"
"509-131","bundle","116147"
"509-130","bundle","116147"
"509-020","bundle","116147"
"509-030","bundle","116147"
"509-131","bundle","116147"
"509-020","bundle","116147"
"509-422","bundle","116147"
"509-215","bundle","116147"
"m82841","bundle","116147"
"m82851","bundle","116147"
"m82831","bundle","116147"
"m78741","bundle","116147"
"m78751","bundle","116147"
"m78731","bundle","116147"
"m78931","bundle","116147"
"m78941","bundle","116147"
"m78951","bundle","116147"
"m79851","bundle","116147"
"m79831","bundle","116147"
"m79841","bundle","116147"
"m79931","bundle","116147"
"m79941","bundle","116147"
"m79951","bundle","116147"
"m80x52","bundle","116147"
"m80x32","bundle","116147"
"m80x42","bundle","116147"
"m87x52","bundle","116147"
"m87x32","bundle","116147"
"m87x42","bundle","116147"
"513-304r","bundle","116148"
"513-306r","bundle","116148"
"513-307r","bundle","116148"
"513-420","bundle","116148"
"513-130","bundle","116148"
"513-131","bundle","116148"
"513-030","bundle","116148"
"513-040","bundle","116148"
"513-215","bundle","116148"
"513-221","bundle","116148"
"m63231","bundle","116148"
"m63241","bundle","116148"
"m63251","bundle","116148"
"m62531","bundle","116148"
"m62541","bundle","116148"
"m62551","bundle","116148"
"m73731","bundle","116148"
"m73741","bundle","116148"
"m73751","bundle","116148"
"m63531","bundle","116148"
"m63541","bundle","116148"
"m63551","bundle","116148"
"m80x32","bundle","116148"
"m80x42","bundle","116148"
"m80x52","bundle","116148"
"m87x32","bundle","116148"
"m87x42","bundle","116148"
"m87x52","bundle","116148"
"513-313r","bundle","116149"
"513-316r","bundle","116149"
"513-317r","bundle","116149"
"513-420","bundle","116149"
"513-130","bundle","116149"
"513-131","bundle","116149"
"513-030","bundle","116149"
"513-040","bundle","116149"
"513-215","bundle","116149"
"513-221","bundle","116149"
"m63231","bundle","116149"
"m63241","bundle","116149"
"m63251","bundle","116149"
"m62531","bundle","116149"
"m62541","bundle","116149"
"m62551","bundle","116149"
"m73731","bundle","116149"
"m73741","bundle","116149"
"m73751","bundle","116149"
"m63531","bundle","116149"
"m63541","bundle","116149"
"m63551","bundle","116149"
"m80x32","bundle","116149"
"m80x42","bundle","116149"
"m80x52","bundle","116149"
"m87x32","bundle","116149"
"m87x42","bundle","116149"
"m87x52","bundle","116149"
"919-704r","bundle","116150"
"919-636","bundle","116150"
"919-637","bundle","116150"
"919-637","bundle","116150"
"919-830","bundle","116150"
"919-830r","bundle","116150"
"792-760","bundle","116151"
"792-654","bundle","116151"
"792-636","bundle","116151"
"792-636","bundle","116151"
"792-637","bundle","116151"
"792-655","bundle","116151"
"792-830r","bundle","116151"
"792-840r","bundle","116151"
"792-890","bundle","116151"
"079-701r","bundle","116152"
"079-638","bundle","116152"
"079-639","bundle","116152"
"079-639","bundle","116152"
"079-830","bundle","116152"
"079-850","bundle","116152"
"079-760","bundle","116153"
"079-638","bundle","116153"
"079-639","bundle","116153"
"079-830","bundle","116153"
"079-850","bundle","116153"
"217-746r","bundle","116154"
"217-636w","bundle","116154"
"217-637w","bundle","116154"
"217-636w","bundle","116154"
"217-637w","bundle","116154"
"217-638w","bundle","116154"
"217-857w","bundle","116154"
"314-701r","bundle","116155"
"314-638","bundle","116155"
"314-673","bundle","116155"
"314-639","bundle","116155"
"314-639","bundle","116155"
"314-673","bundle","116155"
"314-850","bundle","116155"
"314-853","bundle","116155"
"314-858","bundle","116155"
"314-855","bundle","116155"
"314-040","bundle","116155"
"314-760","bundle","116156"
"314-638","bundle","116156"
"314-639","bundle","116156"
"314-673","bundle","116156"
"314-850","bundle","116156"
"314-853","bundle","116156"
"314-855","bundle","116156"
"314-858","bundle","116156"
"314-040","bundle","116156"
"416-701r","bundle","116157"
"416-622","bundle","116157"
"416-636","bundle","116157"
"416-636","bundle","116157"
"416-637","bundle","116157"
"416-650","bundle","116157"
"416-855","bundle","116157"
"416-857","bundle","116157"
"416-891","bundle","116157"
"416-622","bundle","116157"
"416-705r","bundle","116158"
"416-691","bundle","116158"
"416-855","bundle","116158"
"416-857","bundle","116158"
"416-891","bundle","116158"
"416-650","bundle","116158"
"416-760","bundle","116159"
"416-622","bundle","116159"
"416-636","bundle","116159"
"416-636","bundle","116159"
"416-637","bundle","116159"
"416-650","bundle","116159"
"416-855","bundle","116159"
"416-857","bundle","116159"
"416-891","bundle","116159"
"416-622","bundle","116159"
"512-760","bundle","116162"
"512-622","bundle","116162"
"512-636","bundle","116162"
"512-622","bundle","116162"
"512-637","bundle","116162"
"512-830r","bundle","116162"
"512-850","bundle","116162"
"792-744r","bundle","116163"
"792-654","bundle","116163"
"792-636","bundle","116163"
"792-636","bundle","116163"
"792-637","bundle","116163"
"792-655","bundle","116163"
"792-830r","bundle","116163"
"792-840r","bundle","116163"
"792-890","bundle","116163"
"912-701","bundle","116164"
"912-636","bundle","116164"
"912-622","bundle","116164"
"912-622","bundle","116164"
"912-623","bundle","116164"
"912-830r","bundle","116164"
"912-830","bundle","116164"
"912-850","bundle","116164"
"912-891","bundle","116164"
"912-760","bundle","116165"
"912-636","bundle","116165"
"912-622","bundle","116165"
"912-622","bundle","116165"
"912-623","bundle","116165"
"912-830r","bundle","116165"
"912-830","bundle","116165"
"912-850","bundle","116165"
"912-891","bundle","116165"
"919-707r","bundle","116166"
"919-690","bundle","116166"
"919-830","bundle","116166"
"919-830r","bundle","116166"
"919-760n","bundle","116167"
"919-636","bundle","116167"
"919-637","bundle","116167"
"919-830","bundle","116167"
"919-830r","bundle","116167"
"920-701n","bundle","116168"
"920-b01","bundle","116168"
"920-636","bundle","116168"
"920-637","bundle","116168"
"920-637","bundle","116168"
"920-830r","bundle","116168"
"920-830","bundle","116168"
"920-707r","bundle","116169"
"920-690","bundle","116169"
"920-830r","bundle","116169"
"920-830","bundle","116169"
"920-760","bundle","116170"
"920-636","bundle","116170"
"920-637","bundle","116170"
"920-830r","bundle","116170"
"920-830","bundle","116170"
"488-760","bundle","116171"
"488-636","bundle","116171"
"488-622","bundle","116171"
"488-636","bundle","116171"
"488-637","bundle","116171"
"488-850","bundle","116171"
"488-891","bundle","116171"
"488-855","bundle","116171"
"488-622","bundle","116171"
"509-701r","bundle","116172"
"509-636","bundle","116172"
"509-622","bundle","116172"
"509-637","bundle","116172"
"509-622","bundle","116172"
"509-637","bundle","116172"
"509-857","bundle","116172"
"509-760r","bundle","116173"
"509-636","bundle","116173"
"509-622","bundle","116173"
"509-622","bundle","116173"
"509-637","bundle","116173"
"509-857","bundle","116173"
"513-701","bundle","116174"
"513-636","bundle","116174"
"513-637","bundle","116174"
"513-637","bundle","116174"
"513-850","bundle","116174"
"513-857","bundle","116174"
"488-940","bundle","116175"
"488-636","bundle","116175"
"912-588","bundle","116176"
"912-622","bundle","116176"
"912-941","bundle","116176"
"912-926","bundle","116176"
"912-940","bundle","116176"
"912-939","bundle","116176"
"919-636","bundle","116177"
"919-941","bundle","116177"
"919-580","bundle","116177"
"919-581","bundle","116177"
"920-636","bundle","116178"
"920-941","bundle","116178"
"920-580","bundle","116178"
"920-581","bundle","116178"
"416-913","bundle","116179"
"416-916","bundle","116179"
"416-917","bundle","116179"
"416-918","bundle","116179"
"416-917","bundle","116179"
"416-918","bundle","116179"
"416-925","bundle","116179"
"488-910","bundle","116180"
"488-916","bundle","116180"
"488-918","bundle","116180"
"488-915","bundle","116180"
"488-915","bundle","116180"
"488-916","bundle","116180"
"488-925","bundle","116180"
"488-945","bundle","116180"
"079-910","bundle","116181"
"079-918","bundle","116181"
"079-915","bundle","116181"
"079-915","bundle","116181"
"079-925","bundle","116181"
"218-910","bundle","116183"
"218-917","bundle","116183"
"512-910","bundle","116185"
"512-915","bundle","116185"
"512-916","bundle","116185"
"512-916","bundle","116185"
"512-926","bundle","116185"
"912-913","bundle","116186"
"912-910","bundle","116186"
"912-915","bundle","116186"
"912-916","bundle","116186"
"912-915","bundle","116186"
"912-925","bundle","116186"
"912-926","bundle","116186"
"912-939","bundle","116186"
"912-940","bundle","116186"
"912-941","bundle","116186"
"919-910","bundle","116187"
"919-915","bundle","116187"
"919-925","bundle","116187"
"919-940","bundle","116187"
"920-910","bundle","116188"
"920-915","bundle","116188"
"920-925","bundle","116188"
"920-940","bundle","116188"
"509-910","bundle","116189"
"509-919","bundle","116189"
"509-918","bundle","116189"
"509-916","bundle","116189"
"509-916","bundle","116189"
"509-918","bundle","116189"
"509-925","bundle","116189"
"488-701r","bundle","116752"
"488-636","bundle","116752"
"488-622","bundle","116752"
"488-637","bundle","116752"
"488-636","bundle","116752"
"488-637","bundle","116752"
"488-850","bundle","116752"
"488-855","bundle","116752"
"488-891","bundle","116752"
"488-622","bundle","116752"
"488-702r","bundle","116753"
"488-636","bundle","116753"
"488-622","bundle","116753"
"488-637","bundle","116753"
"488-622","bundle","116753"
"488-637","bundle","116753"
"488-850","bundle","116753"
"488-855","bundle","116753"
"488-891","bundle","116753"
"600-313r","simple","116767"
"600-316r","simple","116768"
"600-317r","simple","116769"
"600-411","simple","116770"
"600-420","simple","116771"
"600-130","simple","116772"
"600-131","simple","116773"
"600-30","simple","116774"
"600-215","simple","116775"
"600-480","simple","116776"
"600-220","simple","116777"
"600-585","simple","116778"
"600-324r","simple","116779"
"600-326r","simple","116780"
"600-327r","simple","116781"
"603-313r","simple","116782"
"603-316r","simple","116783"
"603-317r","simple","116784"
"603-421","simple","116785"
"603-420","simple","116786"
"603-130","simple","116787"
"603-131","simple","116788"
"603-15","simple","116789"
"603-215","simple","116790"
"603-280","simple","116791"
"603-590","simple","116792"
"603-591","simple","116793"
"603-324r","simple","116794"
"603-326r","simple","116795"
"603-327r","simple","116796"
"600-313r","bundle","116797"
"600-316r","bundle","116797"
"600-317r","bundle","116797"
"600-420","bundle","116797"
"600-411","bundle","116797"
"600-130","bundle","116797"
"600-131","bundle","116797"
"600-030","bundle","116797"
"600-131","bundle","116797"
"600-215","bundle","116797"
"600-480","bundle","116797"
"600-220","bundle","116797"
"600-585","bundle","116797"
"m63231","bundle","116797"
"m63241","bundle","116797"
"m63251","bundle","116797"
"m62531","bundle","116797"
"m62541","bundle","116797"
"m62551","bundle","116797"
"m73731","bundle","116797"
"m73741","bundle","116797"
"m73751","bundle","116797"
"m63531","bundle","116797"
"m63541","bundle","116797"
"m63551","bundle","116797"
"m80x32","bundle","116797"
"m80x42","bundle","116797"
"m80x52","bundle","116797"
"m87x32","bundle","116797"
"m87x42","bundle","116797"
"m87x52","bundle","116797"
"600-324r","bundle","116798"
"600-326r","bundle","116798"
"600-327r","bundle","116798"
"600-411","bundle","116798"
"600-420","bundle","116798"
"600-130","bundle","116798"
"600-131","bundle","116798"
"600-131","bundle","116798"
"600-215","bundle","116798"
"600-480","bundle","116798"
"600-220","bundle","116798"
"600-585","bundle","116798"
"m63231","bundle","116798"
"m63241","bundle","116798"
"m63251","bundle","116798"
"m62531","bundle","116798"
"m62541","bundle","116798"
"m62551","bundle","116798"
"m73731","bundle","116798"
"m73741","bundle","116798"
"m73751","bundle","116798"
"m63531","bundle","116798"
"m63541","bundle","116798"
"m63551","bundle","116798"
"m80x32","bundle","116798"
"m80x42","bundle","116798"
"m80x52","bundle","116798"
"m87x32","bundle","116798"
"m87x42","bundle","116798"
"m87x52","bundle","116798"
"603-313r","bundle","116799"
"603-316r","bundle","116799"
"603-317r","bundle","116799"
"603-420","bundle","116799"
"603-421","bundle","116799"
"603-130","bundle","116799"
"603-131","bundle","116799"
"603-131","bundle","116799"
"603-420","bundle","116799"
"603-215","bundle","116799"
"603-280","bundle","116799"
"603-590","bundle","116799"
"603-591","bundle","116799"
"m63231","bundle","116799"
"m63241","bundle","116799"
"m63251","bundle","116799"
"m62531","bundle","116799"
"m62541","bundle","116799"
"m62551","bundle","116799"
"m73731","bundle","116799"
"m73741","bundle","116799"
"m73751","bundle","116799"
"m63531","bundle","116799"
"m63541","bundle","116799"
"m63551","bundle","116799"
"m80x32","bundle","116799"
"m80x42","bundle","116799"
"m80x52","bundle","116799"
"m87x32","bundle","116799"
"m87x42","bundle","116799"
"m87x52","bundle","116799"
"603-324r","bundle","116800"
"603-326r","bundle","116800"
"603-327r","bundle","116800"
"603-421","bundle","116800"
"603-420","bundle","116800"
"603-130","bundle","116800"
"603-131","bundle","116800"
"603-131","bundle","116800"
"603-420","bundle","116800"
"603-215","bundle","116800"
"603-280","bundle","116800"
"603-590","bundle","116800"
"603-591","bundle","116800"
"m63231","bundle","116800"
"m63241","bundle","116800"
"m63251","bundle","116800"
"m62531","bundle","116800"
"m62541","bundle","116800"
"m62551","bundle","116800"
"m73731","bundle","116800"
"m73741","bundle","116800"
"m73751","bundle","116800"
"m63531","bundle","116800"
"m63541","bundle","116800"
"m63551","bundle","116800"
"m80x32","bundle","116800"
"m80x42","bundle","116800"
"m80x52","bundle","116800"
"m87x32","bundle","116800"
"m87x42","bundle","116800"
"m87x52","bundle","116800"
"079-230","simple","136959"
"079-230","simple","138089"
"079-690","simple","138090"
"217-215b","simple","138091"
"217-422b","simple","138092"
"314-316r","simple","138093"
"314-317r","simple","138094"
"314-637","simple","138095"
"513-585","simple","138096"
"513-910","simple","138097"
"513-915","simple","138098"
"513-916","simple","138099"
"513-918","simple","138100"
"600-030","simple","138101"
"600-636","simple","138102"
"600-637","simple","138103"
"600-701r","simple","138104"
"600-702r","simple","138105"
"600-858","simple","138106"
"600-910","simple","138107"
"600-912","simple","138108"
"600-915","simple","138109"
"600-918","simple","138110"
"600-926","simple","138111"
"600-939","simple","138112"
"600-940","simple","138113"
"603-015","simple","138114"
"603-586","simple","138115"
"603-636","simple","138116"
"603-639","simple","138117"
"603-690","simple","138118"
"603-706r","simple","138119"
"603-760","simple","138120"
"603-830r","simple","138121"
"603-850","simple","138122"
"603-857","simple","138123"
"603-858","simple","138124"
"603-891","simple","138125"
"603-910","simple","138126"
"603-911","simple","138127"
"603-913","simple","138128"
"603-915","simple","138129"
"603-917","simple","138130"
"603-920","simple","138131"
"603-921","simple","138132"
"603-925","simple","138133"
"654-020","simple","138134"
"654-030","simple","138135"
"654-130","simple","138136"
"654-210","simple","138137"
"654-215","simple","138138"
"654-220","simple","138139"
"654-221","simple","138140"
"654-304r","simple","138141"
"654-306r","simple","138142"
"654-307r","simple","138143"
"654-308r","simple","138144"
"654-310r","simple","138145"
"654-311r","simple","138146"
"654-324r","simple","138147"
"654-326r","simple","138148"
"654-327r","simple","138149"
"654-420","simple","138150"
"654-422","simple","138151"
"654-423","simple","138152"
"654-480","simple","138153"
"654-623","simple","138154"
"654-636","simple","138155"
"654-637","simple","138156"
"654-701r","simple","138157"
"654-744r","simple","138158"
"654-830r","simple","138159"
"654-831","simple","138160"
"654-850","simple","138161"
"654-857","simple","138162"
"654-910","simple","138163"
"654 912","simple","138164"
"654-915","simple","138165"
"654-918","simple","138166"
"654-925","simple","138167"
"700-131","simple","138168"
"700-132","simple","138169"
"700-020","simple","138170"
"700-215","simple","138171"
"700-216","simple","138172"
"700-220","simple","138173"
"700-221","simple","138174"
"700-304r","simple","138175"
"700-306r","simple","138176"
"700-307r","simple","138177"
"700-312r","simple","138178"
"700-313r","simple","138179"
"700-315r","simple","138180"
"700-316r","simple","138181"
"700-317r","simple","138182"
"700-318r","simple","138183"
"700-420","simple","138184"
"700-421","simple","138185"
"700-585","simple","138186"
"700-588","simple","138187"
"700-622","simple","138188"
"700-623","simple","138189"
"700-636","simple","138190"
"700-637","simple","138191"
"700-706r","simple","138192"
"700-760r","simple","138193"
"700 850","simple","138194"
"700-910","simple","138195"
"700-913","simple","138196"
"700-916","simple","138197"
"700-917","simple","138198"
"700-918","simple","138199"
"700-919","simple","138200"
"700-920","simple","138201"
"700-925","simple","138202"
"700-935","simple","138203"
"700-937","simple","138204"
"792-858","simple","138205"
"912-690","simple","138206"
"912-691","simple","138207"
"912-692","simple","138208"
"603-911","bundle","145163"
"603-910","bundle","145163"
"603-917","bundle","145163"
"603-915","bundle","145163"
"603-913","bundle","145163"
"603-925","bundle","145163"
"603-706r","bundle","145164"
"603-636","bundle","145164"
"603-639","bundle","145164"
"603-690","bundle","145164"
"603-639","bundle","145164"
"603-690","bundle","145164"
"603-850","bundle","145164"
"603-830r","bundle","145164"
"603-857","bundle","145164"
"603-858","bundle","145164"
"603-760","bundle","145165"
"603-636","bundle","145165"
"603-639","bundle","145165"
"603-850","bundle","145165"
"603-830r","bundle","145165"
"603-857","bundle","145165"
"603-858","bundle","145165"
"600-702r","bundle","145166"
"600-636","bundle","145166"
"600-637","bundle","145166"
"600-858","bundle","145166"
"600-939","bundle","145166"
"600-701r","bundle","145167"
"600-636","bundle","145167"
"600-637","bundle","145167"
"600-637","bundle","145167"
"600-858","bundle","145167"
"600-940","bundle","145168"
"600-636","bundle","145168"
"600-910","bundle","145169"
"600-912","bundle","145169"
"600-915","bundle","145169"
"600-918","bundle","145169"
"600-918","bundle","145169"
"600-939","bundle","145169"
"600-926","bundle","145169"
"700-313r","bundle","145170"
"700-316r","bundle","145170"
"700-318r","bundle","145170"
"700-420","bundle","145170"
"700-421","bundle","145170"
"700-131","bundle","145170"
"700-132","bundle","145170"
"700-020","bundle","145170"
"700-421","bundle","145170"
"700-215","bundle","145170"
"700-216","bundle","145170"
"700-220","bundle","145170"
"m63231","bundle","145170"
"m63241","bundle","145170"
"m63251","bundle","145170"
"m62531","bundle","145170"
"m62541","bundle","145170"
"m62551","bundle","145170"
"m73731","bundle","145170"
"m73741","bundle","145170"
"m73751","bundle","145170"
"m63531","bundle","145170"
"m63541","bundle","145170"
"m63551","bundle","145170"
"m80x32","bundle","145170"
"m80x42","bundle","145170"
"m80x52","bundle","145170"
"m87x32","bundle","145170"
"m87x42","bundle","145170"
"m87x52","bundle","145170"
"700-706r","bundle","145171"
"700-623","bundle","145171"
"700-637","bundle","145171"
"700-622","bundle","145171"
"700-636","bundle","145171"
"700-636","bundle","145171"
"700-623","bundle","145171"
"700-637","bundle","145171"
"700 850","bundle","145171"
"700-588","bundle","145171"
"700-304r","bundle","145172"
"700-306r","bundle","145172"
"700-307r","bundle","145172"
"700-420","bundle","145172"
"700-421","bundle","145172"
"700-131","bundle","145172"
"700-132","bundle","145172"
"700-020","bundle","145172"
"700-421","bundle","145172"
"700-215","bundle","145172"
"700-216","bundle","145172"
"700-220","bundle","145172"
"m63231","bundle","145172"
"m63241","bundle","145172"
"m63251","bundle","145172"
"m62531","bundle","145172"
"m62541","bundle","145172"
"m62551","bundle","145172"
"m73731","bundle","145172"
"m73741","bundle","145172"
"m73751","bundle","145172"
"m63531","bundle","145172"
"m63541","bundle","145172"
"m63551","bundle","145172"
"m80x32","bundle","145172"
"m80x42","bundle","145172"
"m80x52","bundle","145172"
"m87x32","bundle","145172"
"m87x42","bundle","145172"
"m87x52","bundle","145172"
"700-312r","bundle","145173"
"700-315r","bundle","145173"
"700-317r","bundle","145173"
"700-421","bundle","145173"
"700-420","bundle","145173"
"700-131","bundle","145173"
"700-132","bundle","145173"
"700-020","bundle","145173"
"700-420","bundle","145173"
"700-215","bundle","145173"
"700-216","bundle","145173"
"700-220","bundle","145173"
"m63231","bundle","145173"
"m63241","bundle","145173"
"m63251","bundle","145173"
"m62531","bundle","145173"
"m62541","bundle","145173"
"m62551","bundle","145173"
"m73731","bundle","145173"
"m73741","bundle","145173"
"m73751","bundle","145173"
"m63531","bundle","145173"
"m63541","bundle","145173"
"m63551","bundle","145173"
"m80x32","bundle","145173"
"m80x42","bundle","145173"
"m80x52","bundle","145173"
"m87x32","bundle","145173"
"m87x42","bundle","145173"
"m87x52","bundle","145173"
"700-760r","bundle","145174"
"700-622","bundle","145174"
"700-636","bundle","145174"
"700-636","bundle","145174"
"700-623","bundle","145174"
"700-637","bundle","145174"
"700 850","bundle","145174"
"700-913","bundle","145175"
"700-920","bundle","145175"
"700-919","bundle","145175"
"700-920","bundle","145175"
"700-925","bundle","145175"
"314-316r","bundle","145514"
"314-317r","bundle","145514"
"314-420","bundle","145514"
"314-130","bundle","145514"
"314-020","bundle","145514"
"314-040","bundle","145514"
"314-215","bundle","145514"
"314-226","bundle","145514"
"m82841","bundle","145514"
"m82851","bundle","145514"
"m78741","bundle","145514"
"m78751","bundle","145514"
"m78941","bundle","145514"
"m78951","bundle","145514"
"m79841","bundle","145514"
"m79851","bundle","145514"
"m79941","bundle","145514"
"m79951","bundle","145514"
"m80x42","bundle","145514"
"m80x52","bundle","145514"
"m87x42","bundle","145514"
"m87x52","bundle","145514"
"654-324r","bundle","145814"
"654-326r","bundle","145814"
"654-327r","bundle","145814"
"654-420","bundle","145814"
"654-422","bundle","145814"
"654-423","bundle","145814"
"654-130","bundle","145814"
"654-030","bundle","145814"
"654-020","bundle","145814"
"654-422","bundle","145814"
"654-423","bundle","145814"
"654-215","bundle","145814"
"654-220","bundle","145814"
"m63231","bundle","145814"
"m63241","bundle","145814"
"m63251","bundle","145814"
"m62531","bundle","145814"
"m62541","bundle","145814"
"m62551","bundle","145814"
"m73731","bundle","145814"
"m73741","bundle","145814"
"m73751","bundle","145814"
"m63531","bundle","145814"
"m63541","bundle","145814"
"m63551","bundle","145814"
"m80x32","bundle","145814"
"m80x42","bundle","145814"
"m80x52","bundle","145814"
"m87x32","bundle","145814"
"m87x42","bundle","145814"
"m87x52","bundle","145814"
"654-744r","bundle","145815"
"654-623","bundle","145815"
"654-636","bundle","145815"
"654-637","bundle","145815"
"654-623","bundle","145815"
"654-637","bundle","145815"
"654-831","bundle","145815"
"654-830r","bundle","145815"
"654-850","bundle","145815"
"654-857","bundle","145815"
"654-701r","bundle","145816"
"654-636","bundle","145816"
"654-637","bundle","145816"
"654-623","bundle","145816"
"654-623","bundle","145816"
"654-637","bundle","145816"
"654-831","bundle","145816"
"654-830r","bundle","145816"
"654-850","bundle","145816"
"654-857","bundle","145816"
"654-304r","bundle","145817"
"654-306r","bundle","145817"
"654-307r","bundle","145817"
"654-422","bundle","145817"
"654-423","bundle","145817"
"654-420","bundle","145817"
"654-130","bundle","145817"
"654-030","bundle","145817"
"654-020","bundle","145817"
"654-422","bundle","145817"
"654-423","bundle","145817"
"654-215","bundle","145817"
"654-220","bundle","145817"
"m63231","bundle","145817"
"m63241","bundle","145817"
"m63251","bundle","145817"
"m62531","bundle","145817"
"m62541","bundle","145817"
"m62551","bundle","145817"
"m73731","bundle","145817"
"m73741","bundle","145817"
"m73751","bundle","145817"
"m63531","bundle","145817"
"m63541","bundle","145817"
"m63551","bundle","145817"
"m80x32","bundle","145817"
"m80x42","bundle","145817"
"m80x52","bundle","145817"
"m87x32","bundle","145817"
"m87x42","bundle","145817"
"m87x52","bundle","145817"
"654 912","bundle","145818"
"654-910","bundle","145818"
"654-915","bundle","145818"
"654-918","bundle","145818"
"654-915","bundle","145818"
"654-925","bundle","145818"
"654-308r","bundle","145819"
"654-310r","bundle","145819"
"654-311r","bundle","145819"
"654-420","bundle","145819"
"654-422","bundle","145819"
"654-423","bundle","145819"
"654-130","bundle","145819"
"654-030","bundle","145819"
"654-020","bundle","145819"
"654-422","bundle","145819"
"654-423","bundle","145819"
"654-215","bundle","145819"
"654-220","bundle","145819"
"m63231","bundle","145819"
"m63241","bundle","145819"
"m63251","bundle","145819"
"m62531","bundle","145819"
"m62541","bundle","145819"
"m62551","bundle","145819"
"m73731","bundle","145819"
"m73741","bundle","145819"
"m73751","bundle","145819"
"m63531","bundle","145819"
"m63541","bundle","145819"
"m63551","bundle","145819"
"m80x32","bundle","145819"
"m80x42","bundle","145819"
"m80x52","bundle","145819"
"m87x32","bundle","145819"
"m87x42","bundle","145819"
"m87x52","bundle","145819"
"513-910","bundle","145855"
"513-918","bundle","145855"
"513-916","bundle","145855"
"513-915","bundle","145855"
"513-915","bundle","145855"
"513-918","bundle","145855"
"700-327r","simple","146163"
"700-326r","simple","146164"
"700-324r","simple","146165"
"700-324r","bundle","149679"
"700-326r","bundle","149679"
"700-327r","bundle","149679"
"700-420","bundle","149679"
"700-421","bundle","149679"
"700-131","bundle","149679"
"700-132","bundle","149679"
"700-020","bundle","149679"
"700-421","bundle","149679"
"700-215","bundle","149679"
"700-216","bundle","149679"
"700-220","bundle","149679"
"m63231","bundle","149679"
"m63241","bundle","149679"
"m63251","bundle","149679"
"m62531","bundle","149679"
"m62541","bundle","149679"
"m62551","bundle","149679"
"m73731","bundle","149679"
"m73741","bundle","149679"
"m73751","bundle","149679"
"m63531","bundle","149679"
"m63541","bundle","149679"
"m63551","bundle","149679"
"m80x32","bundle","149679"
"m80x42","bundle","149679"
"m80x52","bundle","149679"
"m87x32","bundle","149679"
"m87x42","bundle","149679"
"m87x52","bundle","149679"
"750-744","simple","158749"
"750-225","simple","158750"
"750-215","simple","158751"
"750-131","simple","158752"
"750-858","simple","158753"
"750-422","simple","158754"
"750-585","simple","158755"
"750-420","simple","158756"
"750-220","simple","158757"
"750-850r","simple","158758"
"750-850","simple","158759"
"750-851","simple","158760"
"750-130","simple","158761"
"750-935b","simple","158762"
"750-858b","simple","158763"
"750-420b","simple","158764"
"750-911","simple","158765"
"750-914","simple","158766"
"750-916","simple","158767"
"750-637d","simple","158768"
"750-636d","simple","158769"
"750-316r","simple","158770"
"750-313r","simple","158771"
"750-307r","simple","158772"
"750-306r","simple","158773"
"750-304r","simple","158774"
"750-701r","simple","158775"
"750-050","simple","158776"
"750-637","simple","158777"
"750-636","simple","158778"
"750-926","simple","158779"
"750-040","simple","158780"
"750-480","simple","158781"
"750-622","simple","158782"
"750-918","simple","158783"
"750-327r","simple","158784"
"750-326r","simple","158785"
"750-324r","simple","158786"
"750-317r","simple","158787"
"750-020","simple","158788"
"79-594","simple","159856"
"750-744","bundle","160023"
"750-636d","bundle","160023"
"750-636","bundle","160023"
"750-636d","bundle","160023"
"750-637","bundle","160023"
"750-637d","bundle","160023"
"750-850","bundle","160023"
"750-850r","bundle","160023"
"750-858","bundle","160023"
"750-858b","bundle","160023"
"750-911","bundle","160024"
"750-914","bundle","160024"
"750-916","bundle","160024"
"750-914","bundle","160024"
"750-926","bundle","160024"
"750-313r","bundle","160025"
"750-316r","bundle","160025"
"750-317r","bundle","160025"
"750-420","bundle","160025"
"750-420b","bundle","160025"
"750-422","bundle","160025"
"750-130","bundle","160025"
"750-040","bundle","160025"
"750-131","bundle","160025"
"750-020","bundle","160025"
"750-050","bundle","160025"
"750-420b","bundle","160025"
"750-422","bundle","160025"
"750-215","bundle","160025"
"750-220","bundle","160025"
"750-225","bundle","160025"
"m63231","bundle","160025"
"m63241","bundle","160025"
"m63251","bundle","160025"
"m62531","bundle","160025"
"m62541","bundle","160025"
"m62551","bundle","160025"
"m73731","bundle","160025"
"m73741","bundle","160025"
"m73751","bundle","160025"
"m63531","bundle","160025"
"m63541","bundle","160025"
"m63551","bundle","160025"
"m80x32","bundle","160025"
"m80x42","bundle","160025"
"m80x52","bundle","160025"
"m87x32","bundle","160025"
"m87x42","bundle","160025"
"m87x52","bundle","160025"
"750-304r","bundle","160026"
"750-306r","bundle","160026"
"750-307r","bundle","160026"
"750-420","bundle","160026"
"750-420b","bundle","160026"
"750-422","bundle","160026"
"750-130","bundle","160026"
"750-040","bundle","160026"
"750-420b","bundle","160026"
"750-422","bundle","160026"
"750-131","bundle","160026"
"750-020","bundle","160026"
"750-050","bundle","160026"
"750-215","bundle","160026"
"750-220","bundle","160026"
"750-225","bundle","160026"
"m63231","bundle","160026"
"m63241","bundle","160026"
"m63251","bundle","160026"
"m62531","bundle","160026"
"m62541","bundle","160026"
"m62551","bundle","160026"
"m73731","bundle","160026"
"m73741","bundle","160026"
"m73751","bundle","160026"
"m63531","bundle","160026"
"m63541","bundle","160026"
"m63551","bundle","160026"
"m80x32","bundle","160026"
"m80x42","bundle","160026"
"m80x52","bundle","160026"
"m87x32","bundle","160026"
"m87x42","bundle","160026"
"m87x52","bundle","160026"
"750-701r","bundle","160027"
"750-636d","bundle","160027"
"750-637","bundle","160027"
"750-637d","bundle","160027"
"750-636","bundle","160027"
"750-636","bundle","160027"
"750-637","bundle","160027"
"750-637d","bundle","160027"
"750-850","bundle","160027"
"750-850r","bundle","160027"
"750-858","bundle","160027"
"750-858b","bundle","160027"
"750-636d","bundle","160027"
"750-324r","bundle","160028"
"750-326r","bundle","160028"
"750-327r","bundle","160028"
"750-420","bundle","160028"
"750-420b","bundle","160028"
"750-422","bundle","160028"
"750-130","bundle","160028"
"750-040","bundle","160028"
"750-420b","bundle","160028"
"750-422","bundle","160028"
"750-131","bundle","160028"
"750-020","bundle","160028"
"750-050","bundle","160028"
"750-215","bundle","160028"
"750-220","bundle","160028"
"750-225","bundle","160028"
"m63231","bundle","160028"
"m63241","bundle","160028"
"m63251","bundle","160028"
"m62531","bundle","160028"
"m62541","bundle","160028"
"m62551","bundle","160028"
"m73731","bundle","160028"
"m73741","bundle","160028"
"m73751","bundle","160028"
"m63531","bundle","160028"
"m63541","bundle","160028"
"m63551","bundle","160028"
"m80x32","bundle","160028"
"m80x42","bundle","160028"
"m80x52","bundle","160028"
"m87x32","bundle","160028"
"m87x42","bundle","160028"
"m87x52","bundle","160028"
"750-926","bundle","160131"
"750-637","bundle","160131"
"416-580","simple","164543"
"416-581","simple","164544"
"416-586","simple","164545"
"920-704r","simple","170825"
"079-316nr","simple","171125"
"488-580","simple","171654"
"488-581","simple","171654"
"488-582","simple","171654"
"488-583","simple","171654"
"488-585","simple","171654"
"488-586","simple","171654"
"920-704r","bundle","172470"
"920-636","bundle","172470"
"920-637","bundle","172470"
"920-637","bundle","172470"
"920-830","bundle","172470"
"803-327r","simple","172999"
"803-326r","simple","173000"
"803-323r","simple","173001"
"803-910","simple","173002"
"803-915","simple","173003"
"803-585","simple","173004"
"803-925","simple","173005"
"803-920","simple","173006"
"803-622","simple","173007"
"803-690","simple","173008"
"803-700r","simple","173009"
"803-744r","simple","173010"
"803-420","simple","173011"
"803-020","simple","173012"
"803-220","simple","173013"
"803-637","simple","173014"
"803-691","simple","173015"
"803-636","simple","173016"
"803-130","simple","173017"
"803-030","simple","173018"
"803-317r","simple","173019"
"803-316r","simple","173020"
"803-313r","simple","173021"
"803-131","simple","173022"
"803-701r","simple","173023"
"803-856","simple","173024"
"803-215","simple","173025"
"803-421","simple","173026"
"803-850","simple","173027"
"803-323r","bundle","173028"
"803-326r","bundle","173028"
"803-327r","bundle","173028"
"803-420","bundle","173028"
"803-421","bundle","173028"
"803-421","bundle","173028"
"803-130","bundle","173028"
"803-131","bundle","173028"
"803-020","bundle","173028"
"803-030","bundle","173028"
"803-215","bundle","173028"
"803-220","bundle","173028"
"m63231","bundle","173028"
"m63241","bundle","173028"
"m63251","bundle","173028"
"m62531","bundle","173028"
"m62541","bundle","173028"
"m62551","bundle","173028"
"m73731","bundle","173028"
"m73741","bundle","173028"
"m73751","bundle","173028"
"m63531","bundle","173028"
"m63541","bundle","173028"
"m63551","bundle","173028"
"m80x32","bundle","173028"
"m80x42","bundle","173028"
"m80x52","bundle","173028"
"m87x32","bundle","173028"
"m87x42","bundle","173028"
"m87x52","bundle","173028"
"803-910","bundle","173029"
"803-920","bundle","173029"
"803-915","bundle","173029"
"803-915","bundle","173029"
"803-925","bundle","173029"
"803-700r","bundle","173030"
"803-691","bundle","173030"
"803-690","bundle","173030"
"803-690","bundle","173030"
"803-850","bundle","173030"
"803-856","bundle","173030"
"803-744r","bundle","173031"
"803-636","bundle","173031"
"803-637","bundle","173031"
"803-622","bundle","173031"
"803-622","bundle","173031"
"803-637","bundle","173031"
"803-850","bundle","173031"
"803-856","bundle","173031"
"803-313r","bundle","173032"
"803-316r","bundle","173032"
"803-317r","bundle","173032"
"803-420","bundle","173032"
"803-421","bundle","173032"
"803-421","bundle","173032"
"803-130","bundle","173032"
"803-131","bundle","173032"
"803-020","bundle","173032"
"803-030","bundle","173032"
"803-215","bundle","173032"
"803-220","bundle","173032"
"m63231","bundle","173032"
"m63241","bundle","173032"
"m63251","bundle","173032"
"m62531","bundle","173032"
"m62541","bundle","173032"
"m62551","bundle","173032"
"m73731","bundle","173032"
"m73741","bundle","173032"
"m73751","bundle","173032"
"m63531","bundle","173032"
"m63541","bundle","173032"
"m63551","bundle","173032"
"m80x32","bundle","173032"
"m80x42","bundle","173032"
"m80x52","bundle","173032"
"m87x32","bundle","173032"
"m87x42","bundle","173032"
"m87x52","bundle","173032"
"803-701r","bundle","173033"
"803-636","bundle","173033"
"803-622","bundle","173033"
"803-637","bundle","173033"
"803-622","bundle","173033"
"803-637","bundle","173033"
"803-850","bundle","173033"
"803-856","bundle","173033"
"920-760n","simple","174995"
"920-760n","bundle","175638"
"803-636","bundle","175638"
"803-637","bundle","175638"
"848-744","simple","185520"
"848-225","simple","185521"
"848-130","simple","185522"
"848-215","simple","185523"
"848-701r","simple","185524"
"848-422","simple","185525"
"848-830r","simple","185526"
"848-040","simple","185527"
"848-857","simple","185528"
"848-420","simple","185529"
"848-421","simple","185530"
"848-131","simple","185531"
"848-637","simple","185532"
"848-636","simple","185533"
"848-916","simple","185534"
"848-910","simple","185535"
"848-925","simple","185536"
"848-915","simple","185537"
"848-020","simple","185538"
"750-622d","simple","185614"
"603-830","simple","185788"
"603-831","simple","185788"
"848-307","simple","185789"
"848-326","simple","185789"
"848-r44","simple","185789"
"848-306","simple","185790"
"848-307","simple","185790"
"848-r44","simple","185790"
"848-307","simple","185791"
"848-326","simple","185791"
"848-r42","simple","185791"
"848-306","simple","185792"
"848-307","simple","185792"
"848-r42","simple","185792"
"848-830","simple","185793"
"848-831","simple","185793"
"848-305","simple","185794"
"848-324","simple","185794"
"848-r42","simple","185794"
"848-304","simple","185795"
"848-305","simple","185795"
"848-r42","simple","185795"
"792-840","simple","185796"
"792-841","simple","185796"
"512-830","simple","185797"
"512-831","simple","185797"
"912-760n","simple","185798"
"792-830","simple","185801"
"792-831","simple","185801"
"217-316wr","simple","266370"
"848-830","simple","299870"
"848-744","bundle","300303"
"848-636","bundle","300303"
"848-637","bundle","300303"
"848-857","bundle","300303"
"848-830","bundle","300303"
"848-830r","bundle","300303"
"848-701r","bundle","300304"
"848-636","bundle","300304"
"848-637","bundle","300304"
"848-857","bundle","300304"
"848-830","bundle","300304"
"848-830r","bundle","300304"
"848-305","bundle","300305"
"848-324","bundle","300305"
"848-r42","bundle","300305"
"848-307","bundle","300305"
"848-326","bundle","300305"
"848-r42","bundle","300305"
"848-307","bundle","300305"
"848-326","bundle","300305"
"848-r44","bundle","300305"
"848-421","bundle","300305"
"848-420","bundle","300305"
"848-422","bundle","300305"
"848-040","bundle","300305"
"848-020","bundle","300305"
"848-130","bundle","300305"
"848-131","bundle","300305"
"848-225","bundle","300305"
"848-215","bundle","300305"
"848-421","bundle","300305"
"848-422","bundle","300305"
"848-910","bundle","300306"
"848-915","bundle","300306"
"848-916","bundle","300306"
"848-925","bundle","300306"
"848-916","bundle","300306"
"848-304","bundle","300307"
"848-305","bundle","300307"
"848-r42","bundle","300307"
"848-306","bundle","300307"
"848-307","bundle","300307"
"848-r42","bundle","300307"
"848-306","bundle","300307"
"848-307","bundle","300307"
"848-r44","bundle","300307"
"848-421","bundle","300307"
"848-420","bundle","300307"
"848-422","bundle","300307"
"848-020","bundle","300307"
"848-040","bundle","300307"
"848-130","bundle","300307"
"848-131","bundle","300307"
"848-225","bundle","300307"
"848-215","bundle","300307"
"848-421","bundle","300307"
"848-422","bundle","300307"
"488-338r","simple","336098"
"923-030","simple","336118"
"923-040","simple","336119"
"923-130","simple","336120"
"923-131","simple","336121"
"923-215","simple","336122"
"923-225","simple","336123"
"923-270r","simple","336124"
"923-304r","simple","336125"
"923-306r","simple","336126"
"923-307r","simple","336127"
"923-313r","simple","336128"
"923-316r","simple","336129"
"923-317r","simple","336130"
"923-420","simple","336131"
"923-421","simple","336132"
"923-480","simple","336133"
"923-585","simple","336134"
"923-622","simple","336135"
"923-701r","simple","336136"
"923-760","simple","336137"
"923-830r","simple","336138"
"923-850","simple","336139"
"923-857","simple","336140"
"923-911","simple","336141"
"923-912","simple","336142"
"923-915","simple","336143"
"923-916","simple","336144"
"923-925","simple","336145"
"927-020","simple","336146"
"927-040","simple","336147"
"927-130","simple","336148"
"927-131","simple","336149"
"927-215","simple","336150"
"927-225","simple","336151"
"927-313r","simple","336152"
"927-316r","simple","336153"
"927-317r","simple","336154"
"927-324r","simple","336155"
"927-326r","simple","336156"
"927-327r","simple","336157"
"927-420","simple","336158"
"927-422","simple","336159"
"927-636","simple","336160"
"927-637","simple","336161"
"927-701r","simple","336162"
"927-744","simple","336163"
"927-850","simple","336164"
"927-857","simple","336165"
"924-925","simple","336555"
"924-307r","simple","336556"
"929-313r","simple","336557"
"929-856","simple","336558"
"929-317r","simple","336559"
"924-638","simple","336560"
"929-327r","simple","336561"
"929-130","simple","336562"
"924-215","simple","336563"
"929-890","simple","336564"
"929-744r","simple","336565"
"929-850","simple","336566"
"924-585","simple","336567"
"924-420","simple","336568"
"924-316r","simple","336569"
"924-857","simple","336570"
"924-622","simple","336571"
"929-911","simple","336572"
"929-151","simple","336573"
"924-915","simple","336574"
"929-040","simple","336575"
"929-637","simple","336576"
"929-326r","simple","336577"
"924-120","simple","336578"
"924-313r","simple","336579"
"924-855r","simple","336580"
"924-020","simple","336581"
"929-701r","simple","336582"
"924-910","simple","336583"
"929-324r","simple","336584"
"924-317r","simple","336585"
"924-745","simple","336586"
"929-916","simple","336587"
"929-622","simple","336588"
"929-420","simple","336589"
"924-306r","simple","336590"
"929-215","simple","336591"
"929-636","simple","336592"
"924-701r","simple","336593"
"924-639","simple","336594"
"924-130","simple","336595"
"924-421","simple","336596"
"929-131","simple","336597"
"924-854","simple","336598"
"924-480","simple","336599"
"929-316r","simple","340874"
"924-304r","simple","340899"
"848-304","bundle","341318"
"848-305","bundle","341318"
"848-r42","bundle","341318"
"848-306","bundle","341318"
"848-307","bundle","341318"
"848-r42","bundle","341318"
"848-306","bundle","341318"
"848-307","bundle","341318"
"848-r44","bundle","341318"
"848-421","bundle","341318"
"848-420","bundle","341318"
"848-422","bundle","341318"
"848-420","bundle","341318"
"848-422","bundle","341318"
"848-130","bundle","341318"
"848-225","bundle","341318"
"848-131","bundle","341318"
"848-020","bundle","341318"
"848-040","bundle","341318"
"848-215","bundle","341318"
"848-305","bundle","341319"
"848-324","bundle","341319"
"848-r42","bundle","341319"
"848-307","bundle","341319"
"848-326","bundle","341319"
"848-r42","bundle","341319"
"848-307","bundle","341319"
"848-326","bundle","341319"
"848-r44","bundle","341319"
"848-421","bundle","341319"
"848-420","bundle","341319"
"848-422","bundle","341319"
"848-420","bundle","341319"
"848-422","bundle","341319"
"848-130","bundle","341319"
"848-225","bundle","341319"
"848-131","bundle","341319"
"848-020","bundle","341319"
"848-040","bundle","341319"
"848-215","bundle","341319"
"848-910","bundle","341320"
"848-916","bundle","341320"
"848-915","bundle","341320"
"848-915","bundle","341320"
"848-925","bundle","341320"
"923-304r","bundle","341321"
"923-306r","bundle","341321"
"923-307r","bundle","341321"
"923-420","bundle","341321"
"923-421","bundle","341321"
"923-421","bundle","341321"
"923-130","bundle","341321"
"923-131","bundle","341321"
"923-030","bundle","341321"
"923-040","bundle","341321"
"923-215","bundle","341321"
"923-225","bundle","341321"
"923-270r","bundle","341321"
"923-313r","bundle","341322"
"923-316r","bundle","341322"
"923-317r","bundle","341322"
"923-420","bundle","341322"
"923-421","bundle","341322"
"923-421","bundle","341322"
"923-130","bundle","341322"
"923-131","bundle","341322"
"923-030","bundle","341322"
"923-040","bundle","341322"
"923-215","bundle","341322"
"923-225","bundle","341322"
"923-270r","bundle","341322"
"923-911","bundle","341323"
"923-916","bundle","341323"
"923-915","bundle","341323"
"923-915","bundle","341323"
"923-925","bundle","341323"
"923-912","bundle","341324"
"923-916","bundle","341324"
"923-915","bundle","341324"
"923-915","bundle","341324"
"923-925","bundle","341324"
"927-313r","bundle","341325"
"927-316r","bundle","341325"
"927-317r","bundle","341325"
"927-420","bundle","341325"
"927-422","bundle","341325"
"927-422","bundle","341325"
"927-130","bundle","341325"
"927-020","bundle","341325"
"927-040","bundle","341325"
"927-131","bundle","341325"
"927-215","bundle","341325"
"927-225","bundle","341325"
"927-324r","bundle","341326"
"927-326r","bundle","341326"
"927-327r","bundle","341326"
"927-420","bundle","341326"
"927-422","bundle","341326"
"927-422","bundle","341326"
"927-130","bundle","341326"
"927-020","bundle","341326"
"927-040","bundle","341326"
"927-131","bundle","341326"
"927-215","bundle","341326"
"927-225","bundle","341326"
"929-313r","bundle","341394"
"929-316r","bundle","341394"
"929-317r","bundle","341394"
"929-420","bundle","341394"
"929-151","bundle","341394"
"929-130","bundle","341394"
"929-131","bundle","341394"
"929-040","bundle","341394"
"929-215","bundle","341394"
"929-324r","bundle","341395"
"929-326r","bundle","341395"
"929-327r","bundle","341395"
"929-420","bundle","341395"
"929-151","bundle","341395"
"929-130","bundle","341395"
"929-131","bundle","341395"
"929-040","bundle","341395"
"929-215","bundle","341395"
"924-313r","bundle","341396"
"924-316r","bundle","341396"
"924-317r","bundle","341396"
"924-421","bundle","341396"
"924-420","bundle","341396"
"924-421","bundle","341396"
"924-420","bundle","341396"
"924-130","bundle","341396"
"924-020","bundle","341396"
"924-120","bundle","341396"
"924-215","bundle","341396"
"924-480","bundle","341396"
"924-304r","bundle","341397"
"924-306r","bundle","341397"
"924-307r","bundle","341397"
"924-421","bundle","341397"
"924-420","bundle","341397"
"924-421","bundle","341397"
"924-420","bundle","341397"
"924-130","bundle","341397"
"924-020","bundle","341397"
"924-120","bundle","341397"
"924-215","bundle","341397"
"924-480","bundle","341397"
"929-911","bundle","341398"
"929-916","bundle","341398"
"924-910","bundle","341399"
"924-915","bundle","341399"
"924-925","bundle","341399"
"test12321-08/04","simple","354483"
"test1234-08/04","simple","354484"
