Deliveright - AZ,
Deliveright - CA [NorCal],Terminal: SoCal/NorCal
Deliveright - CA [SoCal],Terminal: SoCal/NorCal
Deliveright - CO,"Terminal: Denver, CO"
Deliveright - FL [Orlando],"Terminal: Orlando, FL"
Deliveright - FL [Pompano],"Terminal: Orlando, FL"
Deliveright - GA,Terminal: NJ/GA
Deliveright - IL,"Terminal: Arlington Height, IL"
Deliveright - MA,"Terminal: Millis, MA"
Deliveright - MO,
Deliveright - MS,"Terminal: Tupelo, MS"
Deliveright - NC,"Terminal: Lexington, NC"
Deliveright - NJ,Terminal: NJ/GA
Deliveright - NY,"Terminal: Syracuse, NY"
Deliveright - OH,"Terminal: Bedford Heights, OH"
Deliveright - SC,
Deliveright - TX,"Terminal: Houston, TX"
Deliveright - UT,"Terminal: Salt Lake, UT"
Deliveright - VA,"Terminal: Fredriskberg, VA"
Deliveright - WA,"Terminal: Lacey, WA"
NA,Terminal: Idaho
NA2,"Terminal: Kensas City, KS"
NA3,"Terminal: LA Rates (miles from Houston, TX)"
